timestamp,call_id,level,label,agent_role,model,round,cpu_time_s,gpu_active_s,gpu_attached_s,peak_vram_gib,gfx_util_mean,ingress_tokens,egress_tokens,reasoning_tokens,total_tokens,latency_s,tok_per_s
2026-06-17T11:35:49,1781695957242_lora_sft,phase,lora_sft,,Qwen/Qwen2.5-VL-7B-Instruct, ,237.67,192.4421,192.7073,21.775,29.1,0,0,0,0,192.7073,NA
2026-06-17T11:37:24,1781696174093_reason_single,phase,reason_single,,Qwen/Qwen2.5-VL-7B-Instruct, ,66.92,70.1114,70.1114,17.179,24.3,990,626,0,1616,70.1114,8.9
2026-06-17T11:37:24,1781696152155_comparison_EGFR_L858R_single,phase,comparison_EGFR_L858R_single,,, ,75.66,92.0607,92.061,17.179,19.2,990,626,0,1616,92.061,6.8
2026-06-17T11:38:09,1781696244233_cot_EGFR_L858R,phase,cot_EGFR_L858R,,qwen2.5-vl-7b, ,45.4,45.1433,45.1435,17.05,29.3,1010,535,0,1545,45.1435,11.9
2026-06-17T11:38:09,1781696244220_comparison_EGFR_L858R_cot,phase,comparison_EGFR_L858R_cot,,, ,45.42,45.1686,45.1686,17.05,29.3,1010,535,0,1545,45.1686,11.8
2026-06-17T11:38:09,1781696289404_blackboard_EGFR_L858R,phase,blackboard_EGFR_L858R,,bMAS, ,0.0,0.0005,0.0006,16.787,27.0,0,0,0,0,0.0006,NA
2026-06-17T11:38:09,1781696289392_comparison_EGFR_L858R_blackboard,phase,comparison_EGFR_L858R_blackboard,,, ,0.01,0.0403,0.0403,16.787,27.0,0,0,0,0,0.0403,NA
2026-06-17T11:53:56,1781697169047_reason_single,phase,reason_single,,Qwen/Qwen2.5-VL-7B-Instruct, ,64.5,67.4797,67.4797,33.824,25.3,990,626,0,1616,67.4797,9.3
2026-06-17T11:53:56,1781697168791_comparison_EGFR_L858R_single,phase,comparison_EGFR_L858R_single,,, ,64.73,67.7474,67.7475,33.824,25.2,990,626,0,1616,67.7475,9.2
2026-06-17T11:54:41,1781697236555_cot_EGFR_L858R,phase,cot_EGFR_L858R,,qwen2.5-vl-7b, ,45.6,45.3597,45.3597,33.827,29.1,1010,535,0,1545,45.3597,11.8
2026-06-17T11:54:41,1781697236542_comparison_EGFR_L858R_cot,phase,comparison_EGFR_L858R_cot,,, ,45.62,45.3851,45.3851,33.827,29.3,1010,535,0,1545,45.3851,11.8
2026-06-17T11:55:58,1781697281952_blackboard_EGFR_L858R,phase,blackboard_EGFR_L858R,,bMAS, ,76.45,76.1481,76.1483,33.635,29.0,5808,892,0,6700,76.1483,11.7
2026-06-17T11:55:58,1781697281930_comparison_EGFR_L858R_blackboard,phase,comparison_EGFR_L858R_blackboard,,, ,76.49,76.1826,76.1826,33.635,28.9,5808,892,0,6700,76.1826,11.7
2026-06-17T11:56:40,1781697362892_reason_single,phase,reason_single,,Qwen/Qwen2.5-VL-7B-Instruct, ,37.53,37.3319,37.3319,34.035,29.2,1287,442,0,1729,37.3319,11.8
2026-06-17T11:56:40,1781697358159_comparison_EGFR_T790M_single,phase,comparison_EGFR_T790M_single,,, ,38.06,42.0762,42.0764,34.035,26.4,1287,442,0,1729,42.0764,10.5
2026-06-17T11:57:51,1781697400251_cot_EGFR_T790M,phase,cot_EGFR_T790M,,qwen2.5-vl-7b, ,71.77,71.4192,71.4193,34.043,29.5,1307,848,0,2155,71.4193,11.9
2026-06-17T11:57:51,1781697400239_comparison_EGFR_T790M_cot,phase,comparison_EGFR_T790M_cot,,, ,71.8,71.4428,71.4428,34.043,29.5,1307,848,0,2155,71.4428,11.9
2026-06-17T11:58:51,1781697471696_blackboard_EGFR_T790M,phase,blackboard_EGFR_T790M,,bMAS, ,59.91,59.6527,59.6527,33.767,29.3,6115,699,0,6814,59.6527,11.7
2026-06-17T11:58:51,1781697471685_comparison_EGFR_T790M_blackboard,phase,comparison_EGFR_T790M_blackboard,,, ,59.93,59.6767,59.6767,33.767,29.3,6115,699,0,6814,59.6767,11.7
2026-06-17T11:59:34,1781697534256_reason_single,phase,reason_single,,Qwen/Qwen2.5-VL-7B-Instruct, ,40.33,40.1183,40.1183,34.132,29.1,1134,475,0,1609,40.1183,11.8
2026-06-17T11:59:34,1781697531424_comparison_PIK3CA_E545K_single,phase,comparison_PIK3CA_E545K_single,,, ,40.83,42.9624,42.9625,34.132,27.3,1134,475,0,1609,42.9625,11.1
2026-06-17T12:01:00,1781697574401_cot_PIK3CA_E545K,phase,cot_PIK3CA_E545K,,qwen2.5-vl-7b, ,86.6,86.169,86.1691,34.139,29.4,1154,1024,0,2178,86.1691,11.9
2026-06-17T12:01:00,1781697574389_comparison_PIK3CA_E545K_cot,phase,comparison_PIK3CA_E545K_cot,,, ,86.62,86.1926,86.1926,34.139,29.3,1154,1024,0,2178,86.1926,11.9
2026-06-17T12:02:04,1781697660596_blackboard_PIK3CA_E545K,phase,blackboard_PIK3CA_E545K,,bMAS, ,63.86,63.5947,63.5946,33.904,29.8,5357,749,0,6106,63.5946,11.8
2026-06-17T12:02:04,1781697660585_comparison_PIK3CA_E545K_blackboard,phase,comparison_PIK3CA_E545K_blackboard,,, ,63.88,63.6183,63.6183,33.904,30.0,5357,749,0,6106,63.6183,11.8
2026-06-17T12:04:08,1781697724501_debate_PIK3CA_E545K,phase,debate_PIK3CA_E545K,,qwen2.5-vl-7b, ,169.52,124.2286,124.2286,49.187,27.9,1779,2181,0,3960,124.2286,17.6
2026-06-17T12:04:08,1781697724250_comparison_PIK3CA_E545K_debate,phase,comparison_PIK3CA_E545K_debate,,, ,169.76,124.4921,124.4922,49.187,27.9,1779,2181,0,3960,124.4922,17.5
2026-06-17T12:04:58,1781697852018_reason_single,phase,reason_single,,Qwen/Qwen2.5-VL-7B-Instruct, ,46.86,46.597,46.597,49.211,28.8,1062,549,0,1611,46.597,11.8
2026-06-17T12:04:58,1781697848799_comparison_TP53_R175H_single,phase,comparison_TP53_R175H_single,,, ,47.68,49.8273,49.8275,49.211,28.0,1062,549,0,1611,49.8275,11.0
2026-06-17T12:05:51,1781697898641_cot_TP53_R175H,phase,cot_TP53_R175H,,qwen2.5-vl-7b, ,53.51,53.2405,53.2407,49.222,29.6,1082,636,0,1718,53.2407,11.9
2026-06-17T12:05:51,1781697898630_comparison_TP53_R175H_cot,phase,comparison_TP53_R175H_cot,,, ,53.53,53.264,53.264,49.222,30.1,1082,636,0,1718,53.264,11.9
2026-06-17T12:06:52,1781697951908_blackboard_TP53_R175H,phase,blackboard_TP53_R175H,,bMAS, ,60.93,60.6963,60.6967,48.958,29.4,5312,716,0,6028,60.6967,11.8
2026-06-17T12:06:52,1781697951896_comparison_TP53_R175H_blackboard,phase,comparison_TP53_R175H_blackboard,,, ,60.95,60.7205,60.7205,48.958,29.7,5312,716,0,6028,60.7205,11.8
2026-06-17T12:10:18,1781698012632_rescue_TP53_R175H,phase,rescue_TP53_R175H,,structural_stack, ,101.28,205.6646,205.6644,63.048,4.4,0,0,0,0,205.6644,NA
2026-06-17T12:10:20,1781698220147_eval_EGFR_L858R_compare,phase,eval_EGFR_L858R_compare,,, ,0.35,0.0502,0.3599,0.0,4.0,0,0,0,0,0.3599,NA
2026-06-17T12:10:20,1781698220512_eval_EGFR_T790M_compare,phase,eval_EGFR_T790M_compare,,, ,0.05,0.0414,0.0414,0.0,4.0,0,0,0,0,0.0414,NA
2026-06-17T12:10:20,1781698220564_eval_PIK3CA_E545K_compare,phase,eval_PIK3CA_E545K_compare,,, ,0.04,0.0465,0.0465,0.0,4.0,0,0,0,0,0.0465,NA
2026-06-17T12:10:20,1781698220614_eval_TP53_R175H_compare,phase,eval_TP53_R175H_compare,,, ,0.04,0.0481,0.0481,0.0,4.0,0,0,0,0,0.0481,NA
2026-06-17T12:11:33,1781698242686_reason_single,phase,reason_single,,Qwen/Qwen2.5-VL-7B-Instruct, ,46.11,50.5787,50.5787,16.836,28.2,1136,831,0,1967,50.5787,16.4
2026-06-17T12:11:33,1781698241669_comparison_EGFR_L858R_single,phase,comparison_EGFR_L858R_single,,, ,47.1,51.2866,51.6066,16.836,27.7,1136,831,0,1967,51.6066,16.1
2026-06-17T12:12:12,1781698293289_cot_EGFR_L858R,phase,cot_EGFR_L858R,,qwen2.5-vl-7b, ,39.3,39.1286,39.1286,16.838,40.5,1156,1024,0,2180,39.1286,26.2
2026-06-17T12:12:12,1781698293279_comparison_EGFR_L858R_cot,phase,comparison_EGFR_L858R_cot,,, ,39.31,39.1496,39.1496,16.838,40.6,1156,1024,0,2180,39.1496,26.2
2026-06-17T12:12:36,1781698332441_blackboard_EGFR_L858R,phase,blackboard_EGFR_L858R,,bMAS, ,36.27,24.4678,24.4678,16.594,0.7,0,0,0,0,24.4678,NA
2026-06-17T12:12:36,1781698332432_comparison_EGFR_L858R_blackboard,phase,comparison_EGFR_L858R_blackboard,,, ,36.29,24.4808,24.4807,16.594,0.9,0,0,0,0,24.4807,NA
